{
  "Cristal": [
    {
      "vida": 50,
      "rango": 0,
      "precio": 200,
      "recarga": 20,
      "dano": 0,
      "elevacion": 0
    }
  ],
  "Slime": [
    {
      "vida": 100,
      "rango": 100,
      "precio": 400,
      "recarga": 5,
      "dano": 0,
      "elevacion": 0
    }
  ],
  "Balas": [
    {
      "vida": 25,
      "rango": 100,
      "precio": 100,
      "recarga": 0.5,
      "dano": 5,
      "elevacion": 0
    }
  ],
  "Diego": [
    {
      "vida": 50,
      "rango": 500,
      "precio": 500,
      "recarga": 3,
      "dano": 50,
      "elevacion": 1
    }
  ],
  "Fenix": [
    {
      "vida": 50,
      "rango": 100,
      "precio": 500,
      "recarga": 2,
      "dano": 2.5,
      "elevacion": 1
    }
  ],
  "Arcilla": [
    {
       "vida": 500,
      "rango": 0,
      "precio": 200,
      "recarga": 0,
      "dano": 0,
      "elevacion": 0
    }
  ],
  "Potenciadora": [
    {
       "vida": 75,
      "rango": 400,
      "precio": 400,
      "recarga": 0,
      "dano": 0,
      "elevacion": 2
    }
  ],

  "Maestro": [
    {
       "vida": 150,
      "rango": 1,
      "velocidad": 3,
      "ataque": 20,
      "tiempo":1,
      "tipo": 0,
      "habilidad":1
    }
  ],
  "Acechante": [
    {
       "vida": 150,
      "rango": false,
      "velocidad": 7,
      "ataque": 35,
      "tiempo":1,
      "tipo": false,
      "habilidad":true
    }
  ],
  "Maldito": [
    {
       "vida": 60,
      "rango": false,
      "velocidad": 3,
      "ataque": 20,
      "tiempo":1,
      "tipo": false,
      "habilidad":false
    }
  ],
  "Golem": [
    {
       "vida": 1000,
      "rango": false,
      "velocidad": 2,
      "ataque": 100,
      "tiempo":3,
      "tipo": false,
      "habilidad":true
    }
  ],
  "DemonioAlado": [
    {
       "vida": 25,
      "rango": true,
      "velocidad": 4,
      "ataque": 5,
      "tiempo":1,
      "tipo": true,
      "habilidad":false
    }
  ],
  "Goblin": [
    {
       "vida": 20,
      "rango": false,
      "velocidad": 6,
      "ataque": 15,
      "tiempo":1,
      "tipo": false,
      "habilidad":false
    }
  ],
  "Elfo": [
    {
       "vida": 60,
      "rango": true,
      "velocidad": 2,
      "ataque": 10,
      "tiempo":1,
      "tipo": false,
      "habilidad":false
    }
  ],
  "Mensajero": [
    {
       "vida": 300,
      "rango": false,
      "velocidad": 3,
      "ataque": 20,
      "tiempo":1,
      "tipo": false,
      "habilidad":true
    }
  ],
  "Angel": [
    {
       "vida": 400,
      "rango": true,
      "velocidad": 3,
      "ataque": 2,
      "tiempo":0,
      "tipo": true,
      "habilidad":true
    }
  ],
  "DemonioInfernal": [
    {
       "vida": 750,
      "rango": true,
      "velocidad": 3,
      "ataque": 20,
      "tiempo":2,
      "tipo": true,
      "habilidad":false
    }
  ],
  "Defensor": [
    {
       "vida": 200,
      "rango": true,
      "velocidad": 3,
      "ataque": 10,
      "tiempo":1,
      "tipo": false,
      "habilidad":true
    }
  ],
  "CMaldito": [
    {
       "vida": 1000,
      "rango": false,
      "velocidad": 1,
      "ataque": 150,
      "tiempo":3,
      "tipo": false,
      "habilidad":true
    }
  ],
  "Principito": [
    {
       "vida": 2500,
      "rango": true,
      "velocidad": 3,
      "ataque": 10,
      "tiempo":1,
      "tipo": false,
      "habilidad":true
    }
  ],
  "Monje": [
    {
       "vida": 5000,
      "rango": false,
      "velocidad": 3,
      "ataque": 75,
      "tiempo":1,
      "tipo": false,
      "habilidad":true
    }
  ],
  "Muerte": [
    {
       "vida": 10000,
      "rango": true,
      "velocidad": 3,
      "ataque": 75,
      "tiempo":1,
      "tipo": true,
      "habilidad":true
    }
  ]



}